Location_Name,Region,Loc_Type,Has_Garage,State,State_DLC,State_Capital,Location_Group,Pop_X,Pop_Y,Multistate
Camp Verde,Arizona Desert,City,,Arizona,Base,,,40,40,
Kingman,Arizona Desert,City,Y,Arizona,Base,,,80,40,
Lake Havasu City,Arizona Desert,City,,Arizona,Base,,,120,40,
Phoenix,Arizona Desert,City,Y,Arizona,Base,Y,Phoenix,160,40,
Yuma,Arizona Desert,City,Y,Arizona,Base,,,200,40,
Phoenix Skyline,Arizona Desert,Photo Trophy,,Arizona,Base,,Phoenix,240,40,
Flagstaff,Arizona Mountains,City,Y,Arizona,Base,,,280,40,
Grand Canyon Village,Arizona Mountains,City,,Arizona,Base,,Grand Canyon,320,40,
Kayenta,Arizona Mountains,City,,Arizona,Base,,,360,40,
Page,Arizona Mountains,City,Y,Arizona,Base,,,400,40,
Winslow,Arizona Mountains,City,Y,Arizona,Base,,,40,80,
Grand Canyon - Photo,Arizona Mountains,Photo Trophy,,Arizona,Base,,Grand Canyon,80,80,
Winslow - Viewpoint,Arizona Mountains,Viewpoint,,Arizona,Base,,,120,80,
Grand Canyon - Viewpoint,Arizona Mountains,Viewpoint,,Arizona,Base,,Grand Canyon,160,80,
Clifton,Southeast Arizona,City,Y,Arizona,Base,,,200,80,
Nogales,Southeast Arizona,City,,Arizona,Base,,,240,80,
San Simon,Southeast Arizona,City,,Arizona,Base,,,280,80,
Show Low,Southeast Arizona,City,,Arizona,Base,,,320,80,
Sierra Vista,Southeast Arizona,City,,Arizona,Base,,,360,80,
Tucson,Southeast Arizona,City,Y,Arizona,Base,,,400,80,
Salt River,Southeast Arizona,Photo Trophy,,Arizona,Base,,,40,120,
Burlington,Colorado Plains,City,Y,Colorado,Colorado,,,80,120,
Lamar,Colorado Plains,City,N,Colorado,Colorado,,,120,120,
Sterling,Colorado Plains,City,N,Colorado,Colorado,,,160,120,
Alamosa,Colorado Rockies,City,Y,Colorado,Colorado,,,200,120,
Steamboat Springs,Colorado Rockies,City,Y,Colorado,Colorado,,,240,120,
Alpine Visitor Center in Rocky Mountain National Park,Colorado Rockies,Photo Trophy,,Colorado,Colorado,,,280,120,
Eisenhower-Johnson Tunnels,Colorado Rockies,Photo Trophy,,Colorado,Colorado,,,320,120,
Hanging Lake Tunnel,Colorado Rockies,Photo Trophy,,Colorado,Colorado,,,360,120,
Eisenhower Tunnel,Colorado Rockies,Viewpoint,,Colorado,Colorado,,,400,120,
Glenwood Canyon,Colorado Rockies,Viewpoint,,Colorado,Colorado,,,40,160,
Red Cliff Bridge,Colorado Rockies,Viewpoint,,Colorado,Colorado,,,80,160,
Rocky Mountain Road,Colorado Rockies,Viewpoint,,Colorado,Colorado,,,120,160,
Wolf Creek Pass,Colorado Rockies,Viewpoint,,Colorado,Colorado,,,160,160,
Colorado Springs,Front Range,City,Y,Colorado,Colorado,,,200,160,
Denver,Front Range,City,Y,Colorado,Colorado,Y,Denver,240,160,
Fort Collins,Front Range,City,Y,Colorado,Colorado,,,280,160,
Pueblo,Front Range,City,Y,Colorado,Colorado,,,320,160,
Cripple Creek & Victor Gold Mine - Photo,Front Range,Photo Trophy,,Colorado,Colorado,,,360,160,
Colorado Springs - Viewpoint,Front Range,Viewpoint,,Colorado,Colorado,,,400,160,
Cripple Creek & Victor Gold Mine - Viewpoint,Front Range,Viewpoint,,Colorado,Colorado,,,40,200,
Denver Airport,Front Range,Viewpoint,,Colorado,Colorado,,,80,200,
Durango,Western Slope,City,Y,Colorado,Colorado,,,120,200,
Grand Junction,Western Slope,City,Y,Colorado,Colorado,,,160,200,
Montrose,Western Slope,City,Y,Colorado,Colorado,,,200,200,
Rangely,Western Slope,City,N,Colorado,Colorado,,,240,200,
Million Dollar Highway - Photo,Western Slope,Photo Trophy,,Colorado,Colorado,,,280,200,
Million Dollar Highway - Viewpoint,Western Slope,Viewpoint,,Colorado,Colorado,,,320,200,
Four Corners Monument - Photo,Four Corners,Photo Trophy,,Colorado; Utah; Arizona; New Mexico,Colorado,,Four Corners Monument,360; 365; 370; 375,200; 200; 200; 200,Y
Four Corners Monument - Viewpoint,Four Corners,Viewpoint,,Colorado; Utah; Arizona; New Mexico,Colorado,,Four Corners Monument,400; 405; 410; 415,200; 200; 200; 200,Y
Lupton,Arizona Mountains,Photo Trophy,,Arizona,New Mexico,,,40,240,
Arizona Welcome Center Rest Area,Arizona Mountains,Viewpoint,,Arizona,New Mexico,,,80,240,
Albuquerque,Central New Mexico,City,Y,New Mexico,New Mexico,,,120,240,
Clovis,Central New Mexico,City,Y,New Mexico,New Mexico,,,160,240,
Gallup,Central New Mexico,City,Y,New Mexico,New Mexico,,,200,240,
Socorro,Central New Mexico,City,Y,New Mexico,New Mexico,,,240,240,
Tucumcari,Central New Mexico,City,Y,New Mexico,New Mexico,,,280,240,
Big I,Central New Mexico,Photo Trophy,,New Mexico,New Mexico,,,320,240,
Clovis Memorial Park,Central New Mexico,Photo Trophy,,New Mexico,New Mexico,,,360,240,
Albuquerque - Viewpoint,Central New Mexico,Viewpoint,,New Mexico,New Mexico,,,400,240,
City of Vaughn,Central New Mexico,Viewpoint,,New Mexico,New Mexico,,,40,280,
Route 66W Rest Stop,Central New Mexico,Viewpoint,,New Mexico,New Mexico,,,80,280,
Farmington,New Mexico Highlands,City,Y,New Mexico,New Mexico,,,120,280,
Raton,New Mexico Highlands,City,Y,New Mexico,New Mexico,,,160,280,
Santa Fe,New Mexico Highlands,City,Y,New Mexico,New Mexico,Y,Santa Fe,200,280,
City of Santa Fe,New Mexico Highlands,Viewpoint,,New Mexico,New Mexico,,Santa Fe,240,280,
US-64 Rest Area,New Mexico Highlands,Viewpoint,,New Mexico,New Mexico,,,280,280,
US-84 Rest Area,New Mexico Highlands,Viewpoint,,New Mexico,New Mexico,,,320,280,
Alamogordo,Southern New Mexico,City,Y,New Mexico,New Mexico,,,360,280,
Artesia,Southern New Mexico,City,Y,New Mexico,New Mexico,,,400,280,
Carlsbad,Southern New Mexico,City,,New Mexico,New Mexico,,,40,320,
Hobbs,Southern New Mexico,City,Y,New Mexico,New Mexico,,,80,320,
Las Cruces,Southern New Mexico,City,,New Mexico,New Mexico,,,120,320,
Roswell,Southern New Mexico,City,Y,New Mexico,New Mexico,,Roswell,160,320,
UFO Center in Roswell,Southern New Mexico,Photo Trophy,,New Mexico,New Mexico,,Roswell,200,320,
City of Roswell,Southern New Mexico,Viewpoint,,New Mexico,New Mexico,,Roswell,240,320,
The Historic Monument of Lincoln,Southern New Mexico,Viewpoint,,New Mexico,New Mexico,,,280,320,
US-82 Rest Area,Southern New Mexico,Viewpoint,,New Mexico,New Mexico,,,320,320,
Glen Canyon Dam Bridge,Arizona Mountains,Viewpoint,,Arizona,Utah,,,360,320,
Price,Central Utah,City,Y,Utah,Utah,,,400,320,
Provo,Central Utah,City,Y,Utah,Utah,,,40,360,
Salina,Central Utah,City,Y,Utah,Utah,,,80,360,
Vernal,Central Utah,City,Y,Utah,Utah,,,120,360,
Provo City Center Temple,Central Utah,Photo Trophy,,Utah,Utah,,,160,360,
Oil Fields of Utah,Central Utah,Viewpoint,,Utah,Utah,,,200,360,
Logan,Northern Utah,City,Y,Utah,Utah,,,240,360,
Ogden,Northern Utah,City,Y,Utah,Utah,,,280,360,
Salt Lake City,Northern Utah,City,Y,Utah,Utah,Y,Salt Lake City,320,360,
Salt Lake City Downtown,Northern Utah,Photo Trophy,,Utah,Utah,,Salt Lake City,360,360,
Tree of Life,Northern Utah,Photo Trophy,,Utah,Utah,,,400,360,
Bingham Canyon Mine,Northern Utah,Viewpoint,,Utah,Utah,,,40,400,
Bonneville Salt Flats,Northern Utah,Viewpoint,,Utah,Utah,,,80,400,
Moab,Southeast Utah,City,Y,Utah,Utah,,,120,400,
Moab Giants,Southeast Utah,Photo Trophy,,Utah,Utah,,,160,400,
Monument Valley - Photo,Southeast Utah,Photo Trophy,,Utah,Utah,,,200,400,
San Rafael Swell Top View Area,Southeast Utah,Photo Trophy,,Utah,Utah,,,240,400,
Hole N The Rock,Southeast Utah,Viewpoint,,Utah,Utah,,,280,400,
Monument Valley,Southeast Utah,Viewpoint,,Utah,Utah,,,320,400,
San Rafael Swell Area,Southeast Utah,Viewpoint,,Utah,Utah,,,360,400,
Cedar City,St. George Area,City,Y,Utah,Utah,,,400,400,
St. George,St. George Area,City,Y,Utah,Utah,,St. George,40,440,
Kanab,St. George Area,Photo Trophy,,Utah,Utah,,,80,440,
City of St. George,St. George Area,Viewpoint,,Utah,Utah,,St. George,120,440,
Hoover Rest Area,St. George Area,Viewpoint,,Utah,Utah,,,160,440,
Moqui Cave,St. George Area,Viewpoint,,Utah,Utah,,,200,440,
