Region_Name,Connections,State,State_DLC,Multistate
Northern California,Bay Area; Central Valley; Great Basin; Oregon Coast; Central Oregon,California,Base,
Bay Area,Northern California; Central Valley; Central Coast,California,Base,
Central Valley,Northern California; Bay Area; Central Coast; Sierras; SoCal; California Deserts,California,Base,
Sierras,Central Valley; California Deserts; Great Basin,California,Base,
Central Coast,Bay Area; Central Valley; SoCal,California,Base,
SoCal,Central Valley; Central Coast; California Deserts,California,Base,
California Deserts,Central Valley; Sierras; SoCal; Las Vegas Area; Arizona Desert,California,Base,
Great Basin,Northern Utah; Central Utah; St. George Area; Las Vegas Area; Northern California; Sierras; Central Oregon; Eastern Oregon; Southwestern Idaho; Central Idaho,Nevada,Base,
Las Vegas Area,Great Basin; St. George Area; Arizona Desert; Hoover Dam; California Deserts,Nevada,Base,
Arizona Desert,Arizona Mountains; Southeast Arizona; Las Vegas Area; Hoover Dam; California Deserts,Arizona,Base,
Arizona Mountains,St. George Area; Southeast Utah; Arizona Desert; Southeast Arizona; Four Corners; Central New Mexico,Arizona,Base,
Southeast Arizona,Arizona Mountains; Arizona Desert; Central New Mexico; Southern New Mexico,Arizona,Base,
Hoover Dam,Las Vegas Area; Arizona Desert,Nevada; Arizona,Base,Y
Central New Mexico,New Mexico Highlands; Southern New Mexico; Arizona Mountains; Southeast Arizona,New Mexico,New Mexico,
New Mexico Highlands,Four Corners; Western Slope; Colorado Rockies; Front Range; Central New Mexico,New Mexico,New Mexico,
Southern New Mexico,Central New Mexico; Southeast Arizona,New Mexico,New Mexico,
Central Utah,Northern Utah; St. George Area; Southeast Utah; Western Slope; Great Basin,Utah,Utah,
Northern Utah,Central Utah; Great Basin; Eastern Idaho,Utah,Utah,
Southeast Utah,Central Utah; Four Corners; Western Slope; Arizona Mountains,Utah,Utah,
St. George Area,Central Utah; Arizona Mountains; Great Basin; Las Vegas Area,Utah,Utah,
Colorado Plains,Front Range,Colorado,Colorado,
Colorado Rockies,Western Slope; Front Range; New Mexico Highlands,Colorado,Colorado,
Front Range,Colorado Rockies; Colorado Plains; New Mexico Highlands,Colorado,Colorado,
Western Slope,Central Utah; Southeast Utah; Four Corners; Colorado Rockies; New Mexico Highlands,Colorado,Colorado,
Four Corners,Southeast Utah; Western Slope; Arizona Mountains; New Mexico Highlands,Colorado; Utah; Arizona; New Mexico,Colorado,Y
Portland Area,Oregon Coast; Willamette Valley; Central Oregon; Washington Mountains,Oregon,Oregon,
Willamette Valley,Portland Area; Oregon Coast; Central Oregon,Oregon,Oregon,
Oregon Coast,Portland Area; Willamette Valley; Northern California,Oregon,Oregon,
Central Oregon,Portland Area; Willamette Valley; Northern California; Great Basin; Eastern Oregon; Columbia Basin,Oregon,Oregon,
Eastern Oregon,Central Oregon; Great Basin; Columbia Basin; Southwestern Idaho,Oregon,Oregon,
Washington Mountains,Portland Area; Puget Sound; Columbia Basin,Washington,Washington,
Puget Sound,Northern Washington; Columbia Basin; Washington Mountains,Washington,Washington,
Northern Washington,Puget Sound; Columbia Basin,Washington,Washington,
Columbia Basin,Washington Mountains; Puget Sound; Northern Washington; Central Oregon; Eastern Oregon; Idaho Panhandle,Washington,Washington,
Idaho Panhandle,Columbia Basin; Southwestern Idaho; Glacier Country,Idaho,Idaho,
Southwestern Idaho,Idaho Panhandle; Eastern Oregon; Great Basin; Central Idaho,Idaho,Idaho,
Central Idaho,Southwestern Idaho; Great Basin; Eastern Idaho; Glacier Country,Idaho,Idaho,
Eastern Idaho,Central Idaho; Northern Utah; Southwest Montana; Yellowstone Country,Idaho,Idaho,
Glacier Country,Idaho Panhandle; Central Idaho; Southwest Montana; Central Montana,Montana,Montana,
Southwest Montana,Glacier Country; Eastern Idaho; Central Montana; Yellowstone Country,Montana,Montana,
Central Montana,Glacier Country; Southwest Montana; Yellowstone Country; Missouri River Country,Montana,Montana,
Yellowstone Country,Eastern Idaho; Southwest Montana; Central Montana; Southeast Montana,Montana,Montana,
Missouri River Country,Central Montana; Southeast Montana,Montana,Montana,
Southeast Montana,Yellowstone Country; Missouri River Country,Montana,Montana,
